"0","freq_resp <- read.csv(""Exports/HPF_FreqResponse.csv"")"
"0","time_domain_10Hz <- read_csv(""Exports/HPF_10Hz.csv"")"
"1","[1m[1mRows: [1m[22m[34m[34m79[34m[39m [1m[1mColumns: [1m[22m[34m[34m8[34m[39m
"
"1","[36mâ”€â”€[39m [1m[1mColumn specification[1m[22m [36mâ”€â”€â”€â”€â”€â”€â”€â”€â”€â”€â”€â”€â”€â”€â”€â”€â”€â”€â”€â”€â”€â”€â”€â”€â”€â”€â”€â”€â”€â”€â”€â”€â”€â”€â”€â”€â”€â”€â”€â”€â”€â”€â”€â”€â”€â”€â”€[39m
[1mDelimiter:[22m "",""
[32mdbl[39m (8): TIME, Butterworth2, Bessel2, Chebychev2, Butterworth3, Bes...
"
"1","
[36mâ„¹[39m Use [38;5;251m[48;5;235m[38;5;251m[48;5;235m`spec()`[48;5;235m[38;5;251m[49m[39m to retrieve the full column specification for this data.
[36mâ„¹[39m Specify the column types or set [38;5;251m[48;5;235m[38;5;251m[48;5;235m`show_col_types = FALSE`[48;5;235m[38;5;251m[49m[39m to quiet this message.
"
"0","time_domain_100Hz <- read_csv(""Exports/HPF_100Hz.csv"")"
"1","[1m[1mRows: [1m[22m[34m[34m335[34m[39m [1m[1mColumns: [1m[22m[34m[34m8[34m[39m
"
"1","[36mâ”€â”€[39m [1m[1mColumn specification[1m[22m [36mâ”€â”€â”€â”€â”€â”€â”€â”€â”€â”€â”€â”€â”€â”€â”€â”€â”€â”€â”€â”€â”€â”€â”€â”€â”€â”€â”€â”€â”€â”€â”€â”€â”€â”€â”€â”€â”€â”€â”€â”€â”€â”€â”€â”€â”€â”€â”€[39m
[1mDelimiter:[22m "",""
[32mdbl[39m (8): TIME, Butterworth2, Bessel2, Chebychev2, Butterworth3, Bes...
"
"1","
[36mâ„¹[39m Use [38;5;251m[48;5;235m[38;5;251m[48;5;235m`spec()`[48;5;235m[38;5;251m[49m[39m to retrieve the full column specification for this data.
[36mâ„¹[39m Specify the column types or set [38;5;251m[48;5;235m[38;5;251m[48;5;235m`show_col_types = FALSE`[48;5;235m[38;5;251m[49m[39m to quiet this message.
"
"0","time_domain_1000Hz <- read_csv(""Exports/HPF_1000Hz.csv"")"
"1","[1m[1mRows: [1m[22m[34m[34m3014[34m[39m [1m[1mColumns: [1m[22m[34m[34m8[34m[39m
"
"1","[36mâ”€â”€[39m [1m[1mColumn specification[1m[22m [36mâ”€â”€â”€â”€â”€â”€â”€â”€â”€â”€â”€â”€â”€â”€â”€â”€â”€â”€â”€â”€â”€â”€â”€â”€â”€â”€â”€â”€â”€â”€â”€â”€â”€â”€â”€â”€â”€â”€â”€â”€â”€â”€â”€â”€â”€â”€â”€[39m
[1mDelimiter:[22m "",""
[32mdbl[39m (8): TIME, Butterworth2, Bessel2, Chebychev2, Butterworth3, Bes...
"
"1","
[36mâ„¹[39m Use [38;5;251m[48;5;235m[38;5;251m[48;5;235m`spec()`[48;5;235m[38;5;251m[49m[39m to retrieve the full column specification for this data.
[36mâ„¹[39m Specify the column types or set [38;5;251m[48;5;235m[38;5;251m[48;5;235m`show_col_types = FALSE`[48;5;235m[38;5;251m[49m[39m to quiet this message.
"
"0","time_domain_10000Hz <- read_csv(""Exports/HPF_10000Hz.csv"")"
"1","[1m[1mRows: [1m[22m[34m[34m30015[34m[39m [1m[1mColumns: [1m[22m[34m[34m8[34m[39m
"
"1","[36mâ”€â”€[39m [1m[1mColumn specification[1m[22m [36mâ”€â”€â”€â”€â”€â”€â”€â”€â”€â”€â”€â”€â”€â”€â”€â”€â”€â”€â”€â”€â”€â”€â”€â”€â”€â”€â”€â”€â”€â”€â”€â”€â”€â”€â”€â”€â”€â”€â”€â”€â”€â”€â”€â”€â”€â”€â”€[39m
[1mDelimiter:[22m "",""
[32mdbl[39m (8): TIME, Butterworth2, Bessel2, Chebychev2, Butterworth3, Bes...
"
"1","
[36mâ„¹[39m Use [38;5;251m[48;5;235m[38;5;251m[48;5;235m`spec()`[48;5;235m[38;5;251m[49m[39m to retrieve the full column specification for this data.
[36mâ„¹[39m Specify the column types or set [38;5;251m[48;5;235m[38;5;251m[48;5;235m`show_col_types = FALSE`[48;5;235m[38;5;251m[49m[39m to quiet this message.
"
